Algorithms,Data type,Array size,Array sort,IDE
A1,int,100,ord,intelliJ
A1,int,100,ord,VSC
A1,int,100,rand,intelliJ
A1,int,100,rand,VSC
A1,int,100,rev,intelliJ
A1,int,100,rev,VSC
A1,int,1000,ord,intelliJ
A1,int,1000,ord,VSC
A1,int,1000,rand,intelliJ
A1,int,1000,rand,VSC
A1,int,1000,rev,intelliJ
A1,int,1000,rev,VSC
A1,string,100,ord,intelliJ
A1,string,100,ord,VSC
A1,string,100,rand,intelliJ
A1,string,100,rand,VSC
A1,string,100,rev,intelliJ
A1,string,100,rev,VSC
A1,string,1000,ord,intelliJ
A1,string,1000,ord,VSC
A1,string,1000,rand,intelliJ
A1,string,1000,rand,VSC
A1,string,1000,rev,intelliJ
A1,string,1000,rev,VSC
A2,int,100,ord,intelliJ
A2,int,100,ord,VSC
A2,int,100,rand,intelliJ
A2,int,100,rand,VSC
A2,int,100,rev,intelliJ
A2,int,100,rev,VSC
A2,int,1000,ord,intelliJ
A2,int,1000,ord,VSC
A2,int,1000,rand,intelliJ
A2,int,1000,rand,VSC
A2,int,1000,rev,intelliJ
A2,int,1000,rev,VSC
A2,string,100,ord,intelliJ
A2,string,100,ord,VSC
A2,string,100,rand,intelliJ
A2,string,100,rand,VSC
A2,string,100,rev,intelliJ
A2,string,100,rev,VSC
A2,string,1000,ord,intelliJ
A2,string,1000,ord,VSC
A2,string,1000,rand,intelliJ
A2,string,1000,rand,VSC
A2,string,1000,rev,intelliJ
A2,string,1000,rev,VSC
A3,int,100,ord,intelliJ
A3,int,100,ord,VSC
A3,int,100,rand,intelliJ
A3,int,100,rand,VSC
A3,int,100,rev,intelliJ
A3,int,100,rev,VSC
A3,int,1000,ord,intelliJ
A3,int,1000,ord,VSC
A3,int,1000,rand,intelliJ
A3,int,1000,rand,VSC
A3,int,1000,rev,intelliJ
A3,int,1000,rev,VSC
A3,string,100,ord,intelliJ
A3,string,100,ord,VSC
A3,string,100,rand,intelliJ
A3,string,100,rand,VSC
A3,string,100,rev,intelliJ
A3,string,100,rev,VSC
A3,string,1000,ord,intelliJ
A3,string,1000,ord,VSC
A3,string,1000,rand,intelliJ
A3,string,1000,rand,VSC
A3,string,1000,rev,intelliJ
A3,string,1000,rev,VSC
